time,C_A,C_B,C_C,C_D,C_E,C_U,T
0.0,100.0,200.0,0.0,0.0,100.0,0.0,260.0
0.0012531328320802004,39.824128529083346,79.64825705816669,28.464246143277013,15.844992515021424,84.13336718738177,0.010820148798422543,259.6222776101933
0.002506265664160401,30.24858167564278,60.49716335128556,20.959699783487853,24.361297806305416,75.56957926543605,0.03456146412928916,258.97756864039724
0.0037593984962406013,25.683001223965448,51.366002447930896,16.891650001498995,28.65212224256767,71.22677346803212,0.06055214470013194,258.5983638238135
0.005012531328320802,22.84517957418838,45.69035914837676,14.351672355636161,31.314647049332283,68.51149897915681,0.08692698575547135,258.3412865524051
0.006265664160401002,20.849248356155492,41.698496712310984,12.593611494191157,33.165329286137435,66.60818913648409,0.1132407886892632,258.1508571140149
0.007518796992481203,19.340560662829365,38.68112132565873,11.291774993549149,34.544471315968885,65.17680697234739,0.13936085584188676,258.0015386797518
0.008771929824561403,18.144903684870254,36.28980736974051,10.281572884282408,35.6215134380849,64.04799000723754,0.16524827733880154,257.8797622040022
0.010025062656641603,17.165039611984206,34.33007922396841,9.47039827193374,36.491383950011695,63.12682183392964,0.19089710802935797,257.77755138743345
0.011278195488721804,16.34170307948886,32.68340615897772,8.801853978370012,37.21190772528729,62.355464783146154,0.2163137457833063,257.68985975845743
0.012531328320802004,15.636365548849229,31.272731097698458,8.239462545566727,37.820576908591306,61.69640500300725,0.2415090442007485,257.61331176669177
0.013784461152882205,15.022708980894274,30.045417961788548,7.7584882281973835,38.342906317134904,61.124103526226556,0.2664950783192978,257.54554895689887
0.015037593984962405,14.482039350008572,28.964078700017144,7.341508494046879,38.7969422920061,60.62049013606155,0.2912837859662026,257.4848649079997
0.016290726817042606,14.00064899565787,28.00129799131574,6.975862572967973,39.1958578016808,60.17236937030664,0.31588641400630685,257.4299889917761
0.017543859649122806,13.568218421367613,27.136436842735225,6.652106692586925,39.549524117611995,59.76984923156653,0.34031332541076453,257.37995209970006
0.018796992481203006,13.176804686048582,26.353609372097164,6.363039098724626,39.865504138669515,59.40534792344272,0.36457396894391014,257.3339999088703
0.020050125313283207,12.820177226630081,25.640354453260162,6.103062425967579,40.149703253046944,59.072942905644595,0.3886769206542592,257.29153493405346
0.021303258145363407,12.493368045553865,24.98673609110773,5.867753878374426,40.40680908390665,58.76793100783494,0.4126299541292336,257.2520766844613
0.022556390977443608,12.192358826597417,24.384717653194834,5.653567797641591,40.64059656885171,58.48652319309071,0.43644011902881613,257.215233579186
0.023809523809523808,11.91385830664374,23.82771661328748,5.4576252186156005,40.854144419189744,58.22562794444908,0.46011381818061736,257.18068273055184
0.02506265664160401,11.65514040582998,23.31028081165996,5.277561753390233,41.049992041222794,57.982694200443,0.4836568791671349,257.1481550921592
0.02631578947368421,11.413924719187195,22.82784943837439,5.111415864220481,41.23025508941479,57.75559567282246,0.5070746188814073,257.1174243843648
0.02756892230576441,11.188286249134714,22.37657249826943,4.957544967983203,41.396712490311245,57.542543707429154,0.5303719011298332,257.08829865762027
0.02882205513784461,10.976586807773693,21.953173615547385,4.814562188115168,41.550872315203094,57.34202131109195,0.5535531868525128,257.06061384198256
0.03007518796992481,10.777422239443066,21.55484447888613,4.681287907247884,41.69402234864943,57.15273249534037,0.5766225780051325,257.03422874405516
0.03132832080200501,10.589580622650235,21.17916124530047,4.556711452723845,41.827270105385104,56.97356218075917,0.5995838569278995,257.00902104421544
0.03258145363408521,10.412009494718795,20.82401898943759,4.439961576910082,41.95157394460883,56.8035450162377,0.6224405195767712,256.9848841686814
0.03383458646616541,10.243790012888578,20.487580025777156,4.330283007274128,42.06776768490332,56.641840705066016,0.6451958050153648,256.961724784145
0.03508771929824561,10.08411527896923,20.16823055793846,4.227016990106193,42.176581143322394,56.4877134123978,0.6678527221399364,256.93946069358816
0.03634085213032581,9.932273806782316,19.864547613564632,4.129586689678327,42.27865568060924,56.340516177069865,0.6904140711604797,256.91801923783606
0.03759398496240601,9.78763496270118,19.57526992540236,4.037484031988871,42.37455803750531,56.199677032195346,0.7128824651497028,256.89733584923493
0.03884711779448621,9.649637814748218,19.299275629496435,3.9502601506922095,42.46479067112909,56.0646886365695,0.735260346150742,256.87735298059374
0.040100250626566414,9.517781169687968,19.035562339375936,3.867516338297953,42.549801243594075,55.935098751579986,0.7575500024130036,256.8580190952072
0.041353383458646614,9.391615874422575,18.78323174884515,3.7888976270130366,42.62998966863547,55.810503170071065,0.779753580646772,256.83928793131105
0.042606516290726815,9.27073772094728,18.54147544189456,3.7140863376460223,42.70571487068031,55.69053892927359,0.8018731000230874,256.8211177713915
0.043859649122807015,9.154782146972645,18.30956429394529,3.6427977560976315,42.77729958701691,55.57487949008717,0.823910461447995,256.8034709369317
0.045112781954887216,9.043418930307102,18.086837860614203,3.574775366947719,42.84503539227,55.4632296895248,0.8458674591026409,256.78631323962117
0.046365914786967416,8.936348565659593,17.872697131319185,3.509787878170653,42.90918599041569,55.35532243424593,0.8677457876692282,256.76961362944246
0.047619047619047616,8.833298238548638,17.666596477097276,3.4476257676525854,42.96999094549072,55.250914951691925,0.8895470514087159,256.75334378770987
0.04887218045112782,8.73401914114009,17.46803828228018,3.38809892177194,43.0276681977662,55.14978626067821,0.9112727707778353,256.73747784872097
0.05012531328320802,8.638283687844098,17.276567375688195,3.331034465428235,43.08241653492689,55.05173468819921,0.9329243884369853,256.7219921348856
0.05137844611528822,8.545883133076305,17.09176626615261,3.276274545215961,43.13441788463727,54.95657556292952,0.9545032762166397,256.7068648957618
0.05263157894736842,8.456625859420098,16.913251718840197,3.2236750731559978,43.18383879484973,54.8641397274258,0.9760107388622761,256.69207615042734
0.05388471177944862,8.370335291273172,16.740670582546343,3.173103926737167,43.23083237097694,54.77427158898726,0.997448020017939,256.67760746956935
0.05513784461152882,8.286848624115713,16.573697248231426,3.124439821556442,43.27553947098298,54.686827916655105,1.0188163061809954,256.6634418391847
0.05639097744360902,8.20601545383443,16.41203090766886,3.0775713438229007,43.31808987122395,54.601676668881254,1.0401167299474356,256.64956353591396
0.05764411027568922,8.127696387000002,16.255392774000004,3.0323956678839927,43.35860359764631,54.51869565253028,1.0613503749117403,256.6359579719263
0.05889724310776942,8.051762257739187,16.103524515478373,2.98881793417196,43.397191625995085,54.43777181790621,1.0825182780493887,256.62261161645415
0.06015037593984962,7.978093101895463,15.956186203790926,2.946750518564865,43.43395675727668,54.35880037773698,1.1036214324932023,256.6095119005132
0.06140350877192982,7.90657718455096,15.81315436910192,2.90611211694584,43.46899455782,54.28168385931678,1.1246607914316469,256.59664710521815
0.06265664160401002,7.83711049358155,15.6742209871631,2.8668273653492022,43.50239380081687,54.2063316597476,1.1456372697177997,256.58400631242705
0.06390977443609022,7.769595997106492,15.539191994212985,2.8288263288005915,43.53423709102647,54.13265941693353,1.1665517460200356,256.5715793365117
0.06516290726817042,7.703942914763372,15.407885829526744,2.792043814436078,43.5646015693629,54.06058829856233,1.1874050660374216,256.5593566395576
0.06641604010025062,7.640066391242891,15.280132782485783,2.7564191159185993,43.593559202714,53.99004470987546,1.2081980437053066,256.547329298141
0.06766917293233082,7.577886960748641,15.155773921497282,2.7218956767592637,43.62117721849986,53.920959856007734,1.2289314627462384,256.5354889565011
0.06892230576441102,7.5173300032710895,15.034660006542179,2.6884205874143063,43.647518625429655,53.853269216115024,1.2496060792276964,256.523827763476
0.07017543859649122,7.458325469912084,14.916650939824168,2.655944343265463,43.67264247059366,53.78691228377118,1.2702226228176183,256.5123383417004
0.07142857142857142,7.4008075500321295,14.801615100064259,2.624420650190008,43.696604102104416,53.72183230232653,1.2907817977845621,256.5010137595018
0.07268170426065163,7.3447142845860425,14.689428569172085,2.593806114028984,43.719455516021746,53.657975914636744,1.3112842846707922,256.4898474901298
0.07393483709273183,7.289987236692745,14.57997447338549,2.564059930183592,43.74124567451286,53.595292841389174,1.3317307420490192,256.47883337249345
0.07518796992481203,7.2365713577660875,14.473142715532175,2.5351437954544567,43.76202061635421,53.533735769574726,1.3521218070355705,256.4679655987526
0.07644110275689223,7.184414691952345,14.36882938390469,2.507021735915256,43.78182368979628,53.47326011766386,1.3724580962699622,256.45723868909846
0.07769423558897243,7.13346809346296,14.26693618692592,2.4796598387067865,43.80069582636649,53.41382375853622,1.3927402075486812,256.4466474575588
0.07894736842105263,7.083685070567955,14.16737014113591,2.4530261141361125,43.818675686971126,53.35538687167517,1.4129687206768884,256.4361869940695
0.08020050125313283,7.035021650248901,14.070043300497803,2.427090416121401,43.83579976882676,53.29791183519704,1.4331441979881383,256.4258526526731
0.08145363408521303,6.987436184224587,13.974872368449175,2.401824327576721,43.852102559033845,53.241363070835135,1.4532671850655519,256.4156400346038
0.08270676691729323,6.940889123026919,13.881778246053837,2.37720094276949,43.86761675490592,53.18570682070231,1.473338212195929,256.4055449603224
0.08395989974937343,6.895342936396537,13.790685872793073,2.3531947993826186,43.88237333728284,53.13091107306198,1.4933577948276284,256.39556346050273
0.08521303258145363,6.850762008292057,13.701524016584115,2.3297818174302014,43.89640165312401,53.076945478846255,1.5133264340149082,256.3856917668191
0.08646616541353383,6.807112498329174,13.614224996658349,2.306939223700274,43.909729522041545,53.023781244070975,1.5332446169437781,256.3759263003294
0.08771929824561403,6.764362176122659,13.528724352245318,2.2846453901707093,43.92238339874971,52.971390965043064,1.5531128181036513,256.3662636505631
0.08897243107769423,6.722480349674063,13.444960699348126,2.2628797735813286,43.934388438640966,52.91974856189635,1.5729314997313824,256.3567005673925
0.09022556390977443,6.681437820433602,13.362875640867204,2.2416228886588314,43.94576853342614,52.86882924251856,1.5927011120276897,256.3472339569768
0.09147869674185463,6.641206754540603,13.282413509081206,2.2208562440046307,43.956546407062184,52.818609405607404,1.612422093665245,256.33786087141016
0.09273182957393483,6.601760595700471,13.203521191400942,2.200562254019256,43.96674370266994,52.76906655238965,1.6320948724702418,256.3285784973269
0.09398496240601503,6.563073962688272,13.126147925376545,2.1807241504169936,43.97638107731814,52.72017919042339,1.6517198661292731,256.3193841439488
0.09523809523809523,6.525122643090605,13.05024528618121,2.1613259779849483,43.98547820723649,52.671926828312024,1.671297482225784,256.3102752424646
0.09649122807017543,6.487883500766561,12.975767001533121,2.14235254479333,43.9940538585342,52.62428990409408,1.6908281186859007,256.3012493381128
0.09774436090225563,6.451334428375339,12.902668856750678,2.1237893957151983,44.0021259239575,52.577249748048025,1.7103121639972765,256.2923040860563
0.09899749373433583,6.415454242068239,12.830908484136478,2.1056227120960442,44.00971152484868,52.530788479012955,1.7297499980692197,256.28343723805386
0.10025062656641603,6.380222653350875,12.76044530670175,2.0878392893962436,44.016827036198116,52.48488897894522,1.7491419924283695,256.27464663933597
0.10150375939849623,6.345620258134822,12.691240516269644,2.0704265304480742,44.02348809542379,52.43953488400667,1.7684885102848127,256.2659302275713
0.10275689223057644,6.311628453386292,12.623256906772584,2.0533724040964363,44.02970966431393,52.39471052179664,1.7877899069447576,256.2572860259995
0.10401002506265664,6.278229416416949,12.556458832833899,2.036665427016664,44.03550604831721,52.350400891750816,1.807046529966028,256.2487121409619
0.10526315789473684,6.245406019931582,12.490812039863163,2.0202945871196376,44.04089097659944,52.30659158365065,1.826258719874993,256.240206751474
0.10651629072681704,6.213141820706497,12.426283641412994,2.0042493350015254,44.04587761189753,52.263268767605545,1.8454268102485045,256.23176810800055
0.10776942355889724,6.181421052982269,12.362842105964537,1.9885195798606263,44.05047855582079,52.22041918866367,1.8645511277578128,256.2233945318234
0.10902255639097744,6.150228561742334,12.300457123484668,1.9730956562481736,44.05470589846797,52.178030116458466,1.8836319925368203,256.2150844094631
0.11027568922305764,6.119549796157944,12.239099592315888,1.9579683194414275,44.05857122398254,52.13608933958189,1.9026697182178245,256.2068361920133
0.11152882205513784,6.089370741448728,12.178741482897456,1.9431286833127783,44.06208567505941,52.094585099820904,1.9216646125598833,256.1986483866309
0.11278195488721804,6.059677905959781,12.119355811919561,1.9285682106179103,44.065259964160994,52.05350608073867,1.9406169775502056,256.1905195551278
0.11403508771929824,6.030458321097469,12.060916642194938,1.914278712953555,44.068104373569895,52.012841407620904,1.9595271094046407,256.18244831396476
0.11528822055137844,6.001699501917651,12.003399003835302,1.900252329061577,44.07062878568166,51.97258061666088,1.9783952988287656,256.1744333307099
0.11654135338345864,5.973389427676025,11.94677885535205,1.8864815216010178,44.072842694293335,51.93271364357037,1.997221831068185,256.1664733230527
0.11779448621553884,5.9455165106109,11.8910330212218,1.8729590418554944,44.07475523748773,51.89323078995411,2.0160069862791214,256.1585670541918
0.11904761904761904,5.9180695633521845,11.836139126704369,1.8596779043851173,44.07637522631712,51.85412269405441,2.034751039814274,256.1507133291641
0.12030075187969924,5.8910377989213965,11.782075597842793,1.8466313870264888,44.07771114480328,51.815380330751154,2.0534542622228185,256.14291099484507
0.12155388471177944,5.864410827380255,11.72882165476051,1.8338130288437477,44.07877115261117,51.776995008835165,2.072116919276873,256.1351589396233
0.12280701754385964,5.8381786113877325,11.676357222775465,1.8212166081301737,44.07956311797149,51.738958337489386,2.0907392722696048,256.12745608961495
0.12406015037593984,5.812331474291786,11.624662948583572,1.8088361494750744,44.080094610194514,51.701262233961366,2.1093215779221004,256.11980140967177
0.12531328320802004,5.7868600579649225,11.573720115929845,1.796665884950846,44.080372939700865,51.66389888261663,2.1278640888412945,256.1121938979853
0.12656641604010024,5.761755310980833,11.523510621961666,1.7847002454498366,44.080405168157284,51.62686072458795,2.146367053627424,256.10463258479666
0.12781954887218044,5.737008488614386,11.474016977228771,1.7729338606843472,44.08019810847665,51.59014045777537,2.1648307168740306,256.09711653239606
0.12907268170426064,5.712611150426973,11.425222300853946,1.7613615577207766,44.079758326737476,51.55373103488522,2.1832553191886954,256.08964483488785
0.13032581453634084,5.688555123627721,11.377110247255443,1.749978342875553,44.07909216928486,51.51762563578813,2.201641097463548,256.0822166150388
0.13157894736842105,5.664832514265553,11.329665028531107,1.7387794110136956,44.07820575261376,51.481817677893005,2.219988284746656,256.0748310256295
0.13283208020050125,5.64143567453174,11.28287134906348,1.7277601152151918,44.07710499449865,51.44630078424557,2.2382971106279332,256.06748724521174
0.13408521303258145,5.618357191728892,11.236714383457784,1.71691595880567,44.07579562338582,51.41106877392038,2.2565678013469386,256.0601844769048
0.13533834586466165,5.595589888270961,11.191179776541922,1.7062425953563995,44.07428317839349,51.376115662020844,2.274800579792874,256.0529219483954
0.13659147869674185,5.573126821683239,11.146253643366478,1.695735828684291,44.0725730093117,51.34143565967921,2.2929956655045864,256.04569891193796
0.13784461152882205,5.550961265694118,11.101922531388237,1.685391602606454,44.07067029101542,51.30702315931598,2.3111532748343397,256.03851464261913
0.13909774436090225,5.5290866998566965,11.058173399713393,1.6752060004826528,44.06858002885231,51.27287272919165,2.3292736209780602,256.0313684379333
0.14035087719298245,5.507496808686326,11.014993617372651,1.6651752376296556,44.066307062786734,51.23897910910271,2.347356914055316,256.02425961698606
0.14160401002506265,5.486185457126809,10.972370914253618,1.6552956430192103,44.06385608855115,51.20533718869716,2.3654033613758867,256.0171875177356
0.14285714285714285,5.465146690479877,10.930293380959753,1.645563659232761,44.061231657703274,51.1719420074159,2.3834131674404513,256.01015149698515
0.14411027568922305,5.444374734405179,10.888749468810358,1.63597584246145,44.05843817762614,51.13878875449276,2.4013865339405887,256.003150930383
0.14536340852130325,5.423863994383902,10.847727988767804,1.6265288621805898,44.055479911953526,51.105872768518005,2.41932365976427,255.99618521236945
0.14661654135338345,5.403609031908475,10.80721806381695,1.61721948901217,44.05236099832674,51.07318951924738,2.4372247412129746,255.98925375404863
0.14786967418546365,5.383604573597962,10.767209147195924,1.6080446036166722,44.04908543952648,51.0407346167411,2.4550899718662476,255.98235598443915
0.14912280701754385,5.363845496628862,10.727690993257724,1.5990011812084577,44.04565711827793,51.00850379611524,2.472919542803451,255.97549134835452
0.15037593984962405,5.34432681662223,10.68865363324446,1.5900862829581641,44.04207980746803,50.97649290704841,2.490713642741817,255.96865930507374
0.15162907268170425,5.325043687643669,10.650087375287338,1.5812970559927058,44.03835717014541,50.94469791378177,2.5084724580364446,255.96185932834155
0.15288220551378445,5.305991402203339,10.611982804406678,1.5726307333952732,44.03449275952043,50.91311489511904,2.526196172680303,255.95509090636818
0.15413533834586465,5.287165391250909,10.574330782501818,1.564084634202236,44.03049001896918,50.881740044422315,2.5438849683042855,255.94835354182902
0.15538847117794485,5.268561207906839,10.537122415813679,1.55565615486022,44.02635229427338,50.85056965704043,2.561539024343131,255.94164675037115
0.15664160401002505,5.2501745285823755,10.500349057164751,1.5473427736784064,44.022082830894355,50.81960013315512,2.5791585179752974,255.934970061113
0.15789473684210525,5.232001151159944,10.464002302319887,1.539142044781037,44.01768477783033,50.7888279737713,2.5967436241992217,255.92832301596013
0.15914786967418545,5.214036979855577,10.428073959711154,1.5310515873599857,44.01316120037134,50.758249767586896,2.6142945160209163,255.92170516792967
0.16040100250626566,5.196278025218913,10.392556050437825,1.5230690856747584,44.00851508009924,50.727862190992894,2.6318113644539687,255.91511608115053
0.16165413533834586,5.178720404133195,10.35744080826639,1.5151922890524947,44.003749314887656,50.69766200807333,2.649294338519541,255.90855533086327
0.16290726817042606,5.161360339815272,10.322720679630544,1.5074190118879658,43.99886671890205,50.66764607060527,2.666743605246372,255.90202250342017
0.16416040100250626,5.144194159437504,10.288388318875008,1.499747132295636,43.993870024434834,50.63781131616796,2.6841593296986392,255.89551719605475
0.16541353383458646,5.127218276326777,10.254436552653553,1.4921745841613405,43.988761894598866,50.60815475508697,2.701541675157117,255.8890390153766
0.16666666666666666,5.110429205905006,10.220858411810012,1.484699366891814,43.983544910681125,50.578673483477935,2.718890802920509,255.8825875789917
0.16791979949874686,5.093823549359659,10.187647098719317,1.477319531848445,43.978221586846715,50.54936466805481,2.7362068725492787,255.87616251347941
0.16917293233082706,5.0773979895917,10.1547959791834,1.4700331796706878,43.97279437345101,50.52022554271338,2.7534900419178383,255.86976345396081
0.17042606516290726,5.0611492912155995,10.122298582431199,1.4628384602760622,43.96726565703966,50.491253408531314,2.7707404672145515,255.86339004409862
0.17167919799498746,5.045074300559329,10.090148601118658,1.455733572860153,43.96163776034857,50.46244563376804,2.7879583029417296,255.85704193609732
0.17293233082706766,5.029169945664364,10.058339891328728,1.4487167658966111,43.95591294230392,50.43379965386488,2.8051437019156356,255.8507187907031
0.17418546365914786,5.013433234532119,10.026866469064238,1.4417863361506045,43.9500933993698,50.40531297005251,2.822296815288884,255.8444202770332
0.17543859649122806,4.9978612399681275,9.995722479936255,1.4349406218487126,43.94418127637029,50.376983138187114,2.8394177927213398,255.83814607127593
0.17669172932330826,4.982451114421372,9.964902228842744,1.4281780118607206,43.938178654681785,50.34880778096387,2.8565067821772145,255.831895858222
0.17794486215538846,4.967200077055359,9.934400154110717,1.4214969349259392,43.93208756387449,50.320784575855775,2.8735639301349054,255.82566932964755
0.17919799498746866,4.952105409856764,9.904210819713528,1.414895857118923,43.925909984871005,50.29291125184668,2.890589381641197,255.8194661839
0.18045112781954886,4.937164457635437,9.874328915270874,1.4083732818494699,43.91964784994633,50.265185589431226,2.907583280311263,255.8132861258981
0.18170426065162906,4.922374628024396,9.844749256048791,1.4019277498626213,43.913303042727875,50.237605420614884,2.924545768328662,255.80712886713175
0.18295739348370926,4.907733391479828,9.815466782959655,1.3955578392386632,43.90687739819546,50.21016862891394,2.941476986445343,255.80099412566233
0.18421052631578946,4.893238281281095,9.78647656256219,1.3892621653931243,43.900372702681295,50.1828731493555,2.9583770739816395,255.79488162612233
0.18546365914786966,4.878886885797456,9.757773771594913,1.383039377067544,43.893790699637705,50.155716962502694,2.9752461689298384,255.78879109899205
0.18671679197994986,4.864676846577057,9.729353693154113,1.3768881575095058,43.88713309000806,50.12869809409461,2.992084407948708,255.7827222806453
0.18796992481203006,4.850605865203788,9.701211730407575,1.370807226239969,43.88040152798382,50.101814619427564,3.0088919262943485,255.77667491380794
0.18922305764411027,4.836671691679962,9.673343383359924,1.364795331135768,43.873597630590545,50.075064653406265,3.0256688580016364,255.77064874627567
0.19047619047619047,4.822872124327374,9.645744248654749,1.358851248370446,43.86672297776548,50.04844635046329,3.0424153358856563,255.76464353090384
0.19172932330827067,4.809205009787297,9.618410019574593,1.3529737824142554,43.859779112357565,50.02195790455911,3.059131491541703,255.7586590256075
0.19298245614035087,4.795668243020483,9.591336486040966,1.347161766034158,43.852767540127445,49.99559754918207,3.0758174553452804,255.7526949933614
0.19423558897243107,4.782259767307167,9.564519534614334,1.3414140602938245,43.84568972974745,49.96936355734843,3.0924733564521003,255.74675120220002
0.19548872180451127,4.768977574247065,9.53795514849413,1.3357295545536347,43.83854711280161,49.9432542416023,3.109099322798085,255.74082742521753
0.19674185463659147,4.7558196973172215,9.511639394634443,1.3301071631588133,43.83134108856816,49.91726794904418,3.125695481193869,255.73492343996284
0.19799498746867167,4.742784210338693,9.485568420677385,1.3245458264419394,43.82407302428931,49.89140306106993,3.1422619573204216,255.72903902848128
0.19924812030075187,4.729869234490807,9.459738468981614,1.3190445129953647,43.81674425061314,49.865657998099294,3.158798875643825,255.72317397783667
0.20050125313283207,4.717072928236968,9.434145856473936,1.3136022129271243,43.80935606983249,49.84003121099657,3.1753063595855116,255.71732807900307
0.20175438596491227,4.704393487217567,9.408786974435134,1.308217937797797,43.80190975596842,49.81452118098377,3.191784531523951,255.71150112685405
0.20300751879699247,4.691829144249979,9.383658288499959,1.302890720620505,43.794406554770156,49.789126419640624,3.208233512794648,255.70569292016268
0.20426065162907267,4.679378169328563,9.358756338657127,1.2976196158609148,43.786847683715166,49.76384546890463,3.224653423690146,255.6999032616015
0.20551378446115287,4.667038869624666,9.334077739249333,1.2924036994372359,43.77923433200907,49.73867690107096,3.241044383460026,255.69413195774246
0.20676691729323307,4.654809589486616,9.309619178973232,1.2872420687202222,43.771567660585724,49.713619318792546,3.2574065103109047,255.68837881905705
0.20802005012531327,4.6426887096690965,9.285377419338193,1.2821338421119084,43.76384880269026,49.68867135447125,3.273739921419284,255.68264365984064
0.20927318295739347,4.630674637930379,9.261349275860757,1.2770781547578225,43.75607887058086,49.66383166326904,3.2900447330750926,255.67692629737874
0.21052631578947367,4.6187658200203,9.2375316400406,1.2720741652773724,43.74825894686504,49.6390989321627,3.306321060486165,255.67122655310072
0.21177944862155387,4.606960733392618,9.213921466785235,1.2671210504774568,43.740390090154584,49.614471874024645,3.3225690179104284,255.66554425177148
0.21303258145363407,4.595257884113083,9.190515768226167,1.2622180034324932,43.732473337516346,49.58994922506191,3.338788718710913,255.65987922116435
0.21428571428571427,4.58365580685945,9.1673116137189,1.2573642334844175,43.72450970447236,49.56552974481622,3.3549802753557527,255.65423129206116
0.21553884711779447,4.572153064921466,9.144306129842931,1.252558966242685,43.71650018499979,49.54121221616393,3.371143799418186,255.64860029825206
0.21679197994987467,4.5607482502008825,9.121496500401765,1.2478014435842704,43.70844575153092,49.516995445316056,3.387279401576553,255.64298607653575
0.21804511278195488,4.549439983211446,9.098879966422892,1.243090923653666,43.700347354953195,49.49287826181829,3.4033871916142995,255.6373884667193
0.21929824561403508,4.538226913078902,9.076453826157804,1.2384266808628845,43.69220592460918,49.46885951855096,3.4194672784199738,255.63180731161822
0.22055137844611528,4.527107717261927,9.054215434523854,1.2338080057386385,43.68402236850741,49.44493809150795,3.435519769992363,255.6262424570289
0.22180451127819548,4.516081093635283,9.032162187270567,1.229234201174817,43.675797579018386,49.42111287382847,3.451544773576615,255.620693751006
0.22305764411027568,4.505145768806095,9.01029153761219,1.2247045878153493,43.66753242619247,49.3973827828139,3.467542395496855,255.61516104477263
0.22431077694235588,4.494300495127378,8.988600990254756,1.22021850093885,43.65922776073281,49.37374675679902,3.4835127412341222,255.6096441922711
0.22556390977443608,4.483544046977173,8.967088093954345,1.2157752881617023,43.65088441693165,49.35020375207051,3.4994559154989604,255.6041430497673
0.22681704260651628,4.472875220758545,8.94575044151709,1.2113743094380596,43.642503212670334,49.32675274286692,3.515372022231416,255.59865747585096
0.22807017543859648,4.462292834899586,8.924585669799171,1.207014937059843,43.6340849494193,49.30339272137871,3.5312611646010397,255.59318733143553
0.22932330827067668,4.4517957298534085,8.903591459706817,1.2026965556567442,43.62563041223809,49.280122697748226,3.5471234450068856,255.5877324797582
0.23057644110275688,4.441382768098156,8.882765536196311,1.1984185621962233,43.61714036977535,49.25694170006971,3.5629589650775118,255.5822927863799
0.23182957393483708,4.43105283413699,8.86210566827398,1.1941803659835097,43.60861557426882,49.2338487743893,3.57876782567098,255.57686811918526
0.23308270676691728,4.420804834498102,8.841609668996204,1.189981388661602,43.60005676154534,49.21084298470503,3.594550126874856,255.57145834838275
0.23433583959899748,4.410637696476581,8.821275392953162,1.1858210635542639,43.59146465195336,49.187923411984194,3.610305968031264,255.56606334638224
0.23558897243107768,4.400550362027336,8.801100724054672,1.1816988331686784,43.58283995455552,49.16508914975152,3.626035447846523,255.56068298727413
0.23684210526315788,4.390541797468525,8.78108359493705,1.1776141544853098,43.574183359830045,49.142339311783864,3.6417386641930873,255.5553171477959
0.23809523809523808,4.380610987391872,8.761221974783744,1.1735664946165862,43.56549554474568,49.11967302675412,3.657415714250141,255.5499657066192
0.23934837092731828,4.370756933346155,8.74151386669231,1.169555330033242,43.55677717377908,49.097089437158466,3.6730666945312684,255.544628544213
0.24060150375939848,4.3609786538372,8.7219573076744,1.1655801465643185,43.54802889891483,49.07458769931634,3.688691700884457,255.53930554284352
0.24185463659147868,4.351275184327886,8.702550368655771,1.161640439397164,43.53925135964543,49.05216698337046,3.704290828492097,255.53399658657432
0.24310776942355888,4.341645577238141,8.683291154476281,1.157735713077433,43.53044518297128,49.02982647328684,3.71986417187098,255.52870156126616
0.24436090225563908,4.332088901944943,8.664177803889887,1.1538654815090874,43.521610983400734,49.00756536685475,3.7354118248723007,255.52342035457715
0.24561403508771928,4.322604244782325,8.64520848956465,1.1500292679543949,43.51274936295003,48.98538287568674,3.750933880681656,255.51815285596265
0.24686716791979949,4.313190709041367,8.626381418082733,1.146226605033931,43.503860911143356,48.96327822521864,3.7664304318190456,255.51289895667531
0.24812030075187969,4.303847414896977,8.607694829793955,1.142457034687191,43.49494620506745,48.941250654651604,3.7819015701405103,255.50765854975776
0.24937343358395989,4.294573493906562,8.589146987813123,1.1387201055504748,43.486005813316346,48.91929941277337,3.7973473869551797,255.5024315295298
0.2506265664160401,4.285368094391358,8.570736188782716,1.135015376502694,43.47704029166065,48.89742376255469,3.812767972892371,255.49721779219308
0.25187969924812026,4.2762303811738995,8.552460762347799,1.131342415585393,43.468050183696676,48.87562298045596,3.8281634179237236,255.492017235707
0.2531328320802005,4.267159532133046,8.534319064266093,1.1277007979387557,43.45903602352006,48.85389635359185,3.843533811444082,255.48682975942313
0.2543859649122807,4.258154738203979,8.516309476407958,1.1240901058016055,43.44999833572576,48.83224317973133,3.8588792422714935,255.4816552640853
0.2556390977443609,4.249215203378202,8.498430406756404,1.1205099285114057,43.440937635408034,48.81066276729763,3.8741997986472088,255.47649365182954
0.25689223057644106,4.240340144703541,8.480680289407083,1.1169598625042587,43.43185442816046,48.789154435368246,3.8894955682356835,255.4713448261841
0.2581453634085213,4.231528792284146,8.463057584568292,1.113439511314906,43.42274921007594,48.76771751367498,3.9047666381245785,255.46620869206944
0.2593984962406015,4.222780389280488,8.445560778560976,1.1099484855767292,43.41362246774668,48.74635134260389,3.920013094824755,255.46108515579832
0.2606516290726817,4.214094191909362,8.428188383818725,1.1064864030217492,43.40447467826421,48.72505527319531,3.935235024270281,255.45597412507567
0.26190476190476186,4.205469469443886,8.410938938887773,1.1030528884806265,43.39530630921936,48.70382866714386,3.950432511818427,255.45087550899862
0.2631578947368421,4.196905504189668,8.393811008379336,1.099647573869959,43.386117818719974,48.682670896779584,3.9656056422502597,255.44578921805422
0.2644110275689223,4.18840158700101,8.37680317400202,1.0962700960533698,43.37690965859575,48.66158134165011,3.9807544998771047,255.44071516369718
0.2656641604010025,4.179957021293428,8.359914042586857,1.0929200995475132,43.367682271150066,48.64055939199099,3.995879168429512,255.43565325881136
0.26691729323308266,4.171571123867846,8.343142247735692,1.0895972362203465,43.35843608890555,48.61960444899373,4.0109797310504,255.43060341771428
0.2681704260651629,4.163243221578247,8.326486443156494,1.0863011633242774,43.34917153716741,48.598715922069914,4.026056270381377,255.42556555580384
0.2694235588972431,4.1549726513316845,8.309945302663369,1.0830315434961657,43.33988903402338,48.57789322885121,4.041108868562744,255.4205395895583
0.2706766917293233,4.146758760088272,8.293517520176543,1.079788044757322,43.33058899034376,48.55713579518934,4.056137607233489,255.41552543653623
0.27192982456140347,4.138600904861186,8.277201809722373,1.0765703405135076,43.32127180978141,48.536443055156084,4.071142567531294,255.41052301537655
0.2731829573934837,4.13049845271667,8.26099690543334,1.0733781095549355,43.311937888771716,48.515814451043305,4.086123830092531,255.40553224579855
0.2744360902255639,4.1224507807740265,8.244901561548053,1.0702110360562693,43.302587616532634,48.495249433362915,4.101081475052262,255.40055304860184
0.2756892230576441,4.114457276205627,8.228914552411254,1.0670688095766248,43.29322137506468,48.47474746084692,4.116015582044239,255.3955853456664
0.27694235588972427,4.106517336236903,8.213034672473807,1.0639511250595672,43.283839539150904,48.45430800044736,4.130926230200906,255.39062905995252
0.2781954887218045,4.0986303681463525,8.197260736292705,1.0608576828331144,43.27444247635692,48.433930527336365,4.145813498153399,255.38568411550088
0.2794486215538847,4.090795788964916,8.181591577929831,1.057788188455459,43.265030547250106,48.41361452467046,4.160677464039756,255.38075043740278
0.2807017543859649,4.083013021118638,8.166026042237275,1.054742350768692,43.25560410843841,48.39335948032572,4.175518205617971,255.37582795139983
0.28195488721804507,4.075281498588196,8.150562997176392,1.0517198853735394,43.24616350792849,48.373164891890205,4.19033580009069,255.3709165845266
0.2832080200501253,4.067600664733308,8.135201329466616,1.0487205128838075,43.23670908701437,48.353030264631464,4.205130324177124,255.366016264829
0.2844611528822055,4.059969970653904,8.119939941307807,1.045743957997125,43.22724118151491,48.33295511016592,4.219901854159625,255.36112692119295
0.2857142857142857,4.052388875190123,8.104777750380245,1.042789949494944,43.217760121773836,48.312938946458885,4.234650465883678,255.3562484833443
0.28696741854636587,4.0448568449223155,8.089713689844631,1.0398582202425377,43.20826623265972,48.29298129782455,4.249376234757908,255.35138088184908
0.2882205513784461,4.0373733541710415,8.074746708342083,1.036948507189003,43.19875983356595,48.27308169492597,4.264079235754077,255.34652404811314
0.2894736842105263,4.0299378849970715,8.059875769994143,1.034060551367259,43.1892412384108,48.25323967477511,4.278759543407083,255.34167791438247
0.2907268170426065,4.022549927201389,8.045099854402778,1.031194097894047,43.17971075563737,48.233454780732785,4.293417231814958,255.336842413743
0.2919799498746867,4.015208978325185,8.03041795665037,1.0283488959699312,43.170168688213614,48.21372656250871,4.308052374638876,255.33201748012067
0.2932330827067669,4.007914543649861,8.015829087299721,1.0255246988792979,43.16061533363232,48.19405457616146,4.322665045103147,255.32720304828146
0.29448621553884713,4.000666136197031,8.001332272394063,1.0227212639903565,43.15105098391114,48.17443838409851,4.337255315995214,255.32239905383133
0.2957393483709273,3.993463276728519,7.986926553457038,1.0199383527551387,43.14147592559256,48.1548775550762,4.35182325966566,255.31760543321624
0.2969924812030075,3.9863054921201764,7.972610984240353,1.0171757299215622,43.13189044090215,48.13537166294387,4.366368948077026,255.3128221235647
0.2982456140350877,3.9791923140646777,7.958384628129355,1.0144331633076185,43.122294808480206,48.11592028585248,4.3808924528336926,255.30804906260477
0.29949874686716793,3.972123284166008,7.944246568332016,1.0117104261685694,43.112689299802184,48.09652301013674,4.395393845030573,255.30328618914714
0.3007518796992481,3.9650979501686408,7.9301959003372815,1.0090072949536022,43.103074182063594,48.07717942718582,4.4098731953753285,255.2985334426757
0.3020050125313283,3.9581158657757713,7.916231731551543,1.0063235492087623,43.09344971831376,48.05788913329827,4.4243305741940215,255.29379076332893
0.3032581453634085,3.9511765906493164,7.902353181298633,1.0036589715769542,43.083816167455794,48.038651729682044,4.438766051431118,255.28905809189993
0.30451127819548873,3.944279690409912,7.888559380819824,1.0010133477979404,43.07417378424663,48.01946682245447,4.453179696649484,255.28433536983644
0.3057644110275689,3.9374247366369177,7.874849473273835,0.9983864667083424,43.06452281929703,48.00033402264227,4.467571579030385,255.27962253924082
0.3070175438596491,3.930611306868412,7.861222613736824,0.9957781202416395,43.05486351907153,47.98125294618156,4.481941767373491,255.27491954286998
0.3082706766917293,3.9238389846011943,7.847677969202389,0.9931881034281699,43.04519612588849,47.96222321391784,4.4962903300968735,255.27022632413554
0.30952380952380953,3.917107359290787,7.834214718581574,0.9906162143951304,43.035520877920085,47.943244451605985,4.5106173352370025,255.26554282710367
0.3107769423558897,3.9104160263514314,7.820832052702863,0.9880622543665761,43.02583800919229,47.92431628991028,4.524922850448751,255.26086899649522
0.3120300751879699,3.903764587156091,7.807529174312182,0.9855260276634209,43.016147749584896,47.90543836440439,4.539206943005395,255.2562047776856
0.3132832080200501,3.89715264903645,7.7943052980729,0.9830073417034366,43.00645032483149,47.88661031557136,4.553469679798611,255.2515501167049
0.31453634085213034,3.8905798249422414,7.781159649884483,0.9805060068322327,42.99674595676271,47.86783178853716,4.5677111273500985,255.24690496020395
0.3157894736842105,3.88404573028934,7.76809146057868,0.9780218349692179,42.987034865456685,47.84910243071523,4.581931351914078,255.2422692551641
0.3170426065162907,3.8775499881160305,7.755099976232061,0.9755546423408352,42.97731726547482,47.830421895931664,4.5961304192967924,255.23764294942765
0.3182957393483709,3.8710922270440897,7.7421844540881795,0.973104248062782,42.96759336751123,47.81178984261808,4.61030839493538,255.23302599145214
0.31954887218045114,3.8646720802816534,7.729344160563307,0.9706704735986268,42.95786337912692,47.79320593300718,4.624465343932984,255.22841833020667
0.3208020050125313,3.858289185623212,7.716578371246424,0.9682531427598097,42.948127504749785,47.77466983313278,4.63860133105875,255.2238199151717
0.3220551378446115,3.851943185449614,7.703886370899228,0.9658520817056416,42.93838594567459,47.75618121282982,4.652716420747828,255.21923069633925
0.3233082706766917,3.8456337267280625,7.691267453456125,0.9634671189433052,42.928638900062985,47.73773974573433,4.666810677101377,255.2146506242127
0.32456140350877194,3.83936046101212,7.67872092202424,0.9610980853278539,42.918886562943506,47.71934510928346,4.680884163886553,255.21007964980694
0.3258145363408521,3.8331230444417055,7.666246088883411,0.9587448140622132,42.90912912621156,47.70099698471546,4.694936944536521,255.2055177246483
0.3270676691729323,3.826921137743092,7.653842275486184,0.9564071406971791,42.89936677862946,47.68269505706971,4.708969082150451,255.20096480077456
0.3283208020050125,3.8207544062289123,7.6415088124578245,0.9540849031314192,42.88959970582636,47.66443901518667,4.722980639493514,255.19642083073492
0.32957393483709274,3.814622519798154,7.629245039596308,0.9517779416114726,42.879828090298346,47.64622855170795,4.736971678996887,255.19188576759012
0.3308270676691729,3.8085251529361623,7.617050305872325,0.9494860987317493,42.870052111408334,47.62806336307623,4.75094226275775,255.18735956491227
0.3320802005012531,3.8024619847146397,7.604923969429279,0.9472092194345307,42.86027194538617,47.60994314953532,4.76489245253929,255.182842176785
0.3333333333333333,3.796432698765142,7.592865397530284,0.9449471509967002,42.8504877653474,47.59186761510922,4.778822309771723,255.1783335578006
0.33458646616541354,3.7904369806864584,7.580873961372917,0.9426997418453612,42.84069974308445,47.573836465616246,4.7927318956496885,255.17383366281078
0.3358395989974937,3.7844745209450186,7.568949041890037,0.9404668432482873,42.83090804688979,47.555849411083074,4.806621271013606,255.1693424472448
0.3370927318295739,3.7785450152712725,7.557090030542545,0.9382483091968552,42.82111284142393,47.53790616589204,4.820490496342051,255.16485986711587
0.3383458646616541,3.772648162924777,7.545296325849554,0.9360439954619264,42.811314288985905,47.52000644737259,4.83433963182079,255.1603858788381
0.33959899749373434,3.766783666694201,7.533567333388402,0.9338537595938478,42.80151254951325,47.502149975801274,4.848168737342775,255.1559204392262
0.3408521303258145,3.76095123289732,7.52190246579464,0.931677460922451,42.791707780582016,47.484336474401765,4.861977872508144,255.15146350549574
0.3421052631578947,3.755150571381019,7.510301142762038,0.9295149605570524,42.78190013740678,47.46656566934483,4.875767096624231,255.14701503526297
0.3433583959899749,3.7493813955212927,7.498762791042585,0.9273661213864537,42.772089772840616,47.44883728974834,4.889536468705554,255.14257498654493
0.34461152882205515,3.7436434222232435,7.487286844446487,0.9252308080789413,42.76227683737513,47.4311510676773,4.903286047473818,255.13814331775933
0.3458646616541353,3.7379363719210845,7.475872743842169,0.9231088870822869,42.752461479140436,47.41350673814379,4.91701589135792,255.13371998772473
0.3471177944862155,3.732259968578136,7.464519937156272,0.9210002266237467,42.742643843905164,47.39590403910702,4.930726058493944,255.1293049556604
0.3483709273182957,3.726613939686828,7.453227879373656,0.9189046967100621,42.73282407507644,47.37834271147331,4.944416606725163,255.12489818118632
0.34962406015037595,3.7209980162686995,7.441996032537399,0.9168221691274596,42.72300231369993,47.36082249909607,4.958087593602038,255.12049962432326
0.3508771929824561,3.7154119328743995,7.430823865748799,0.9147525174416505,42.7131786984598,47.34334314877583,4.971739076382218,255.11610924549274
0.3521303258145363,3.7098554275836837,7.419710855167367,0.912695616997831,42.703353365678744,47.325904410260236,4.985371112030542,255.11172700551703
0.3533834586466165,3.7043282420054178,7.4086564840108355,0.9106513449206823,42.69352644931796,47.30850603624404,4.998983757219038,255.10735286561908
0.35463659147869675,3.6988301196940707,7.397660239388141,0.9086195793830776,42.683698082066726,47.29114778114385,5.012577068394749,255.10298678726718
0.3558897243107769,3.693360806771908,7.386721613543816,0.9066002001477147,42.67386839479443,47.27382940171403,5.0261511017458025,255.09862873226342
0.3571428571428571,3.6879200542826873,7.375840108565375,0.9045930895229052,42.664037514993396,47.256550658798965,5.039705913103856,255.0942786629608
0.3583959899749373,3.6825076159989902,7.3650152319979805,0.9025981311722576,42.6542055683715,47.23931131554273,5.053241558042919,255.08993654202882
0.35964912280701755,3.6771232484080385,7.354246496816077,0.9006152101075658,42.644372678862275,47.22211113737786,5.06675809187997,255.08560233245197
0.3609022556390977,3.6717667107116925,7.343533421423385,0.898644212688809,42.63453896862484,47.20494989202532,5.08025556967496,255.08127599752973
0.3621553884711779,3.6664377648264517,7.332875529652903,0.8966850266241512,42.62470455804394,47.18782734949451,5.0937340462308125,255.0769575008766
0.3634085213032581,3.661136175383455,7.32227235076691,0.8947375409699415,42.614869565729926,47.1707432820833,5.107193576093424,255.07264680642206
0.36466165413533835,3.655861709728479,7.311723419456958,0.8928016461307143,42.605034108518794,47.15369746437796,5.120634213551661,255.06834387841064
0.3659147869674185,3.650614137921942,7.301228275843884,0.8908772338591892,42.595198301472124,47.13668967325323,5.1340560126373616,255.06404868140183
0.3671679197994987,3.645393232738899,7.290786465477798,0.8889641972562707,42.58536225787712,47.11971968787227,5.147459027125338,255.0597611802702
0.3684210526315789,3.640198769669045,7.28039753933809,0.8870624307710484,42.57552608924663,47.102787289686695,5.160843310533373,255.0554813402052
0.36967418546365916,3.635030526916714,7.270061053833428,0.8851718302007973,42.56568990531907,47.08589226243656,5.174208916122223,255.0512091267114
0.37092731829573933,3.629888285400879,7.259776570801758,0.8832922926909773,42.55585381405851,47.06903439215034,5.187555896895612,255.0469445056083
0.3721804511278195,3.624771828755153,7.249543657510306,0.8814237167352336,42.54601792165462,47.05221346714498,5.20088430560024,255.0426874430305
0.37343358395989973,3.6196809433277854,7.239361886655571,0.879566002175396,42.53618233252268,47.03542927802584,5.214194194725778,255.03843790542746
0.37468671679197996,3.614615418181668,7.229230836363336,0.8777190502014801,42.526347149303604,47.01868161768673,5.227485616504869,255.0341958595638
0.37593984962406013,3.6095750442605667,7.2191500885211335,0.8758827629648891,42.516512473433416,47.001970280658846,5.240758622953906,255.02996127243566
0.3771929824561403,3.6045596135641995,7.209119227128399,0.8740570433645157,42.506678405627575,46.98529506255626,5.254013265908122,255.02573411120653
0.37844611528822053,3.599568922413695,7.19913784482739,0.87224179654226,42.49684504365996,46.96865576261589,5.267249596862112,255.02151434353217
0.37969924812030076,3.594602769351703,7.189205538703406,0.870436928728252,42.48701248388213,46.95205218196206,5.280467667077941,255.01730193733067
0.38095238095238093,3.5896609550081306,7.179321910016261,0.8686423471735787,42.47718082131733,46.935484123499016,5.293667527591863,255.01309686076868
0.3822055137844611,3.5847432821001384,7.169486564200277,0.8668579601502837,42.467350149660525,46.918951391910916,5.306849229214318,255.00889908226122
0.38345864661654133,3.5798495554321437,7.159699110864287,0.865083676951367,42.45752056127836,46.90245379366184,5.320012822529938,255.0047085704719
0.38471177944862156,3.5749795818958194,7.149959163791639,0.8633194078907858,42.44769214720921,46.885991136995784,5.333158357897539,255.00052529431272
0.38596491228070173,3.5701331704700947,7.140266340940189,0.8615650643034537,42.437864997163146,46.86956323193667,5.346285885450129,254.99634922294413
0.3872180451127819,3.565310132221154,7.130620264442308,0.8598205585452413,42.428039199521955,46.85316989028832,5.359395455094901,254.99218032577517
0.38847117794486213,3.560510280302436,7.121020560604872,0.8580858039929754,42.41821484133911,46.83681092563449,5.372487116513239,254.98801857246323
0.38972431077694236,3.555733429954638,7.111466859909276,0.85636071504444,42.408392008339796,46.82048615333885,5.385560919160714,254.9838639329142
0.39097744360902253,3.550979398505711,7.101958797011422,0.8546452071183757,42.39857078492093,46.80419539054498,5.398616912267083,254.97971637728253
0.3922305764411027,3.546248005370862,7.092496010741724,0.8529391966544797,42.38875125415108,46.7879384561764,5.411655144836296,254.975575875971
0.39348370927318294,3.5415390720525535,7.083078144105107,0.8512426011134059,42.37893349777058,46.77171517093652,5.424675665646489,254.971442399631
0.39473684210526316,3.5368524221405044,7.073704844281009,0.8495553389767648,42.36911759619143,46.75552535730868,5.437678523249984,254.96731591916227
0.39598997493734334,3.532187881311689,7.064375762623378,0.8478773297471243,42.35930362849735,46.739368839556136,5.450663765973293,254.96319640571312
0.3972431077694235,3.5275452773303373,7.055090554660675,0.846208493948008,42.34949167244376,46.72324544372208,5.463631441917118,254.95908383068027
0.39849624060150374,3.5229244397697324,7.045848879539465,0.8445487529938333,42.33968180464632,46.70715499740986,5.476581598971948,254.9549781656805
0.39974937343358397,3.5183251983735353,7.036650396747071,0.8428980285225978,42.329874101645395,46.6910973285415,5.489514284906588,254.95087938239365
0.40100250626566414,3.5137473862780335,7.027494772556067,0.8412562439636432,42.320068637694085,46.67507226793574,5.502429547185123,254.94678745289937
0.4022556390977443,3.5091908386650172,7.0183816773300345,0.8396233237407398,42.31026548574927,46.659079648155,5.515327433047902,254.94270234952077
0.40350877192982454,3.5046553923203416,7.009310784640683,0.8379991930504,42.300464717777885,46.6431193031486,5.528207989536794,254.93862404477775
0.40476190476190477,3.5001408856339267,7.000281771267853,0.8363837778618785,42.290666404756955,46.62719106825274,5.54107126349519,254.9345525113869
0.40601503759398494,3.4956471585997577,6.991294317199515,0.8347770049171716,42.28087061667358,46.61129478019049,5.553917301568001,254.9304877222616
0.4072681704260651,3.491174052815883,6.982348105631766,0.8331788017310177,42.27107742252493,46.59543027707181,5.566746150201664,254.9264296505119
0.40852130325814534,3.486721411484418,6.973442822968836,0.8315890965908972,42.26128689031826,46.57959739839355,5.579557855644134,254.92237826944455
0.40977443609022557,3.4822890794115393,6.964578158823079,0.8300078185570329,42.251499087070876,46.56379598503943,5.592352463944889,254.91833355256318
0.41102756892230574,3.4778769030074925,6.955753806014985,0.828434897462389,42.241714078810176,46.54802587928004,5.6051300209549275,254.91429547356802
0.4122807017543859,3.4734847302865846,6.946969460573169,0.8268702639126722,42.231931930573644,46.53228692477288,5.6178905723267745,254.91026400635604
0.41353383458646614,3.4691124108671882,6.9382248217343765,0.8253138492863308,42.22215270640882,46.516578966562314,5.630634163514471,254.906239125021
0.41478696741854637,3.4647597959717413,6.929519591943483,0.8237655857345554,42.21237646937332,46.50090185107959,5.643360839773583,254.9022208038533
0.41604010025062654,3.4604267384267464,6.920853476853493,0.8222254061812786,42.20260328153484,46.48525542614284,5.656070646161197,254.8982090173402
0.4172932330827067,3.4561130926627697,6.912226185325539,0.8206932443231748,42.192833203971155,46.469639540957075,5.668763627535922,254.8942037401656
0.41854636591478694,3.4518187147144435,6.903637429428887,0.8191690346296605,42.18306629677011,46.45405404611419,5.68143982855789,254.89020494721012
0.4197994987468672,3.447543462220463,6.895086924440926,0.8176527123428943,42.17330261902962,46.438498793592956,5.694099293688752,254.88621261355115
0.42105263157894735,3.4432871944235903,6.886574388847181,0.8161442134777769,42.163542228857686,46.42297363675903,5.706742067191682,254.88222671446283
0.4223057644110275,3.4390497721696174,6.878099544339235,0.8146434748214603,42.15378518337307,46.40747843036412,5.719368193131443,254.87824722541586
0.42355889724310775,3.4348310565929023,6.869662113185805,0.8131504333509308,42.14403153957036,46.39201302951418,5.731977715457762,254.87427412194373
0.424812030075188,3.430630910381874,6.861261820763748,0.8116650269441948,42.13428135341771,46.37657729074376,5.7445706779193,254.87030737978833
0.42606516290726815,3.4264491986322034,6.852898397264407,0.8101871946591406,42.12453467934141,46.361171072632736,5.757147124012962,254.8663469749757
0.4273182957393483,3.422285787671574,6.844571575343148,0.8087168761381737,42.114791571033976,46.34579423484371,5.769707097061194,254.86239288368841
0.42857142857142855,3.418140545059688,6.836281090119376,0.8072540116082171,42.10505208145412,46.330446638122005,5.782250640211973,254.85844508226532
0.4298245614035088,3.414013339588261,6.828026679176522,0.805798541880711,42.09531626282675,46.3151281442957,5.7947777964388125,254.85450354720174
0.43107769423558895,3.409904041281027,6.819808082562054,0.8043504083516126,42.08558416664297,46.299838616275586,5.807288608540762,254.85056825514934
0.4323308270676691,3.4058125213937345,6.811625042787469,0.8029095530013965,42.07585584366007,46.284577918055184,5.819783119142405,254.84663918291616
0.43358395989974935,3.401738652414148,6.803477304828296,0.8014759183950546,42.06613134390158,46.26934591471077,5.832261370693862,254.8427163074667
0.4348370927318296,3.397682308062049,6.795364616124098,0.8000494476820956,42.05641071665718,46.25414247240131,5.844723405470789,254.8387996059218
0.43609022556390975,3.3936433632892333,6.787286726578467,0.798630084596546,42.04669401048278,46.23896745836854,5.857169265574374,254.83488905555865
0.4373433583959899,3.389621694279514,6.779243388559028,0.7972177734569491,42.03698127320047,46.223820740936915,5.869598992931343,254.8309846338109
0.43859649122807015,3.3856171784487192,6.7712343568974385,0.7958124591663654,42.02727255189854,46.20870218951361,5.88201262929396,254.82708631826858
0.4398496240601504,3.3816296944446935,6.763259388889387,0.7944140872123729,42.017567892931496,46.193611674588546,5.894410216240018,254.8231940866781
0.44110275689223055,3.377659122147298,6.755318244294596,0.7930226036670668,42.00786734192001,46.17854906773436,5.906791795172849,254.8193079169422
0.4423558897243107,3.373705342668408,6.747410685336816,0.7916379551870592,41.99817094375099,46.16351424160644,5.91915740732132,254.8154277871201
0.44360902255639095,3.3697682383519165,6.739536476703833,0.7902600890134794,41.98847874257751,46.14850706994289,5.931507093739836,254.81155367542735
0.4448621553884712,3.3658476927737317,6.7316953855474635,0.7888889529719745,41.97879078181886,46.133527427564545,5.943840895308332,254.8076855602359
0.44611528822055135,3.3619435907417774,6.723887181483555,0.7875244954727083,41.96910710416052,46.11857519037499,5.9561588527322815,254.80382342007414
0.4473684210526315,3.3580558182959943,6.716111636591989,0.786166665510362,41.95942775155417,46.10365023536051,5.968461006542692,254.79996723362677
0.44862155388471175,3.3541842625434395,6.708368525086879,0.7848154125888296,41.94975276532566,46.088752440457924,5.980747397108244,254.79611697971748
0.449874686716792,3.350328810364135,6.70065762072827,0.783470686190017,41.940082186994964,46.073881683549104,5.993018064728004,254.79227263717846
0.45112781954887216,3.3464893508450735,6.692978701690147,0.7821324369338463,41.930416056660476,46.05903784443939,6.005273049450106,254.78843418511374
0.45238095238095233,3.3426657744165085,6.685331548833017,0.78080061607543,41.92075441361443,46.04422080410636,6.017512391139642,254.78460160279565
0.45363408521303256,3.3388579724543312,6.6777159449086625,0.7794751753117172,41.911097296608624,46.02943044437466,6.029736129508395,254.7807748696213
0.4548872180451128,3.3350658372800677,6.670131674560135,0.7781560667814929,41.90144474385443,46.01466664791597,6.04194430411484,254.77695396511265
0.45614035087719296,3.3312892621608805,6.662578524321761,0.7768432430653784,41.89179679302277,45.999929298249015,6.054136954364145,254.77313886891653
0.45739348370927313,3.3275281413095685,6.655056282619137,0.7755366571858314,41.882153481244174,45.98521827973956,6.066314119508171,254.76932956080466
0.45864661654135336,3.3237823698845657,6.647564739769131,0.7742362626071456,41.87251484510871,45.97053347760041,6.078475838645474,254.7655260206735
0.4598997493734336,3.3200518439899427,6.640103687979885,0.7729420132354508,41.86288092066604,45.955874777891424,6.090622150721301,254.76172822854437
0.46115288220551376,3.3163364606754056,6.632672921350811,0.7716538634187133,41.853251743425396,45.9412420675195,6.102753094527591,254.75793616456355
0.46240601503759393,3.312636117936297,6.625272235872594,0.7703717679467355,41.84362734835555,45.92663523423857,6.1148687087029785,254.75414980900203
0.46365914786967416,3.3089507147135953,6.6179014294271905,0.7690956820511557,41.83400776988488,45.91205416664962,6.126969031732789,254.75036914225566
0.4649122807017544,3.305280150893914,6.610560301787828,0.767825561405449,41.824393041901324,45.89749875420067,6.13905410194904,254.74659414484523
0.46616541353383456,3.3016243273095043,6.603248654619009,0.7665613621249262,41.814783197752384,45.8829688871868,6.151123957530445,254.74282479741626
0.46741854636591473,3.297983145738252,6.595966291476504,0.7653030407667346,41.80517827024514,45.86846445675012,6.163178636502408,254.7390610807392
0.46867167919799496,3.294356508903679,6.588713017807358,0.7640505543298575,41.79557829164625,45.853985354879775,6.175218176737027,254.73530297570926
0.4699248120300752,3.2907443204749436,6.581488640949887,0.7628038602551145,41.78598329368192,45.83953147441197,6.187242615953092,254.73155046334654
0.47117794486215536,3.28714648506684,6.57429297013368,0.7615629164251614,41.77639330753796,45.82510270902994,6.199251991716087,254.727803524796
0.47243107769423553,3.283562908239798,6.567125816479596,0.7603276811644903,41.76680836385971,45.81069895326399,6.211246341438189,254.72406214132744
0.47368421052631576,3.279993496499884,6.559986992999768,0.7590981132394293,41.75722849275212,45.79632010249142,6.223225702378265,254.72032629433542
0.474937343358396,3.2764381572987995,6.552876314597599,0.7578741718581429,41.74765372377969,45.781966052936625,6.235190111641879,254.71659596533945
0.47619047619047616,3.272896798886835,6.54579359777367,0.7566558166174023,41.73808408605467,45.767636701558885,6.247139606193262,254.71287113596935
0.47744360902255634,3.2693693294212025,6.538738658842405,0.7554430072144045,41.728519608756024,45.753331945391615,6.259074222926221,254.70915178788144
0.47869674185463656,3.2658556586357013,6.5317113172714025,0.7542357040636535,41.718960320123166,45.739051682822506,6.270993998527202,254.70543790292444
0.4799498746867168,3.262355697224863,6.524711394449726,0.7530338680076735,41.70940624785537,45.724795813087894,6.282898969528406,254.7017294630715
0.48120300751879697,3.2588693566249365,6.517738713249873,0.7518374602320244,41.699857419245674,45.71056423610262,6.294789172325889,254.6980264503977
0.48245614035087714,3.2553965490138848,6.5107930980277695,0.7506464422653022,41.69031386118089,45.696356852460056,6.306664643179565,254.69432884708033
0.48370927318295737,3.251937187311388,6.503874374622776,0.7494607759791387,41.68077560014158,45.68217356343209,6.318525418213205,254.69063663539873
0.4849624060150376,3.2484911851788425,6.496982370357685,0.748280423588202,41.67124266220209,45.66801427096912,6.330371533414435,254.6869497977344
0.48621553884711777,3.2450584570193617,6.490116914038723,0.7471053476501961,41.66171507303053,45.65387887770007,6.342203024634738,254.6832683165709
0.48746867167919794,3.241638917977774,6.483277835955548,0.7459355110658609,41.65219285788877,45.63976728693239,6.354019927589457,254.6795921744938
0.48872180451127817,3.2382324839406245,6.476464967881249,0.7447708770789723,41.642676041632456,45.62567940265204,6.36582227785779,254.6759213541909
0.4899749373433584,3.2348390715361743,6.469678143072349,0.7436114092763423,41.633164648710995,45.6116151295235,6.37761011088279,254.67225583845206
0.49122807017543857,3.231458598134402,6.462917196268804,0.7424570715878188,41.623658703167564,45.597574372889774,6.389383461971368,254.66859561016918
0.49248120300751874,3.2280909818470005,6.456181963694001,0.7413078282862859,41.61415822863911,45.583557038772376,6.401142366294294,254.66494065233633
0.49373433583959897,3.22473614152738,6.44947228305476,0.7401636439876635,41.60466324835633,45.56956303387136,6.412886858886192,254.6612909480496
0.4949874686716792,3.2213939967706677,6.4427879935413355,0.7390244836509074,41.595173785143714,45.555592265565274,6.424616974645543,254.65764648050728
0.49624060150375937,3.2180644679137056,6.436128935827411,0.7378903125780099,41.5856898614195,45.541644641911205,6.436332748334686,254.65400723300965
0.49749373433583954,3.2147474760350523,6.429494952070105,0.7367610964139986,41.57621149919571,45.52772007164474,6.448034214579816,254.65037318895918
0.49874686716791977,3.211442942954983,6.422885885909966,0.7356368011469375,41.5667387200781,45.513818464180005,6.459721407870987,254.64674433186033
0.5,3.2081507912354894,6.416301582470979,0.7345173931079267,41.55727154526623,45.49993972960963,6.471394362562106,254.64312064531975
